<?xml version="1.0" encoding="UTF-8"?>
<configuration>

    <property name="HOME_LOG" value="C:/Users/HPW/Desktop/kk/mylog.log"/>

    <appender name="CONSOLE" class="ch.qos.logback.core.ConsoleAppender">
        <layout class="ch.qos.logback.classic.PatternLayout">
            <Pattern>
                %d{HH:mm:ss.SSS} [%t] %-5level %logger{36} - %msg%n
            </Pattern>
        </layout>
    </appender>

    <appender name="FILE" class="ch.qos.logback.core.FileAppender">
        <file>${HOME_LOG}</file>
        <append>true</append>
        <immediateFlush>true</immediateFlush>
        <encoder>
            <pattern>%d %p %c{1.} [%t] %m%n</pattern>
        </encoder>
    </appender>
    
    <root level="TRACE">
        <appender-ref ref="CONSOLE"/>
        <appender-ref ref="FILE"/>
    </root>

    <root level="error">
        <appender-ref ref="CONSOLE"/>
        <appender-ref ref="FILE"/>
    </root>
    
    <root level="info">
        <appender-ref ref="CONSOLE"/>
        <appender-ref ref="FILE"/>
    </root>
    
    <root level="warn">
        <appender-ref ref="CONSOLE"/>
        <appender-ref ref="FILE"/>
    </root>
    
    <root level="debug">
        <appender-ref ref="CONSOLE"/>
        <appender-ref ref="FILE"/>
    </root>

</configuration>